X,name,handedness,height,weight,avg,HR,HR_normalized,avg_normalized
1,Tom Brown,R,73,170,0,0,0,0
2,Denny Lemaster,R,73,182,0.13,4,0.00710479573712256,0.396341463414634
3,Joe Nolan,L,71,175,0.263,27,0.0479573712255773,0.801829268292683
4,Denny Doyle,L,69,175,0.25,16,0.0284191829484902,0.76219512195122
5,Jose Cardenal,R,70,150,0.275,138,0.245115452930728,0.838414634146342
6,Mike Ryan,R,74,205,0.193,28,0.0497335701598579,0.588414634146341
7,Fritz Peterson,B,72,185,0.159,2,0.00355239786856128,0.484756097560976
8,Dick Bertell,R,72,200,0.25,10,0.0177619893428064,0.76219512195122
9,Rod Kanehl,R,73,180,0.241,6,0.0106571936056838,0.734756097560976
10,Ozzie Osborn,R,74,195,0,0,0,0
11,John LaRose,L,73,185,0,0,0,0
12,Jeff Byrd,R,75,195,0,0,0,0
13,Juan Bonilla,R,69,170,0.256,7,0.0124333925399645,0.780487804878049
14,Frank Tepedino,L,71,185,0.241,6,0.0106571936056838,0.734756097560976
15,Jerry Kutzler,L,73,175,0,0,0,0
16,Rick Wise,R,73,180,0.195,15,0.0266429840142096,0.594512195121951
17,Darrell Evans,L,74,200,0.248,414,0.735346358792185,0.75609756097561
18,Buck Martinez,R,70,190,0.225,58,0.103019538188277,0.685975609756098
19,John Wockenfuss,R,72,190,0.262,86,0.152753108348135,0.798780487804878
20,Tommy McCraw,L,72,183,0.246,75,0.133214920071048,0.75
21,Jeff Barkley,B,75,185,0,0,0,0
22,Eric Wilkins,R,73,190,0,0,0,0
23,Britt Burns,L,77,215,0,0,0,0
24,Lee Lacy,R,73,175,0.286,91,0.161634103019538,0.871951219512195
25,Pete Rose,B,71,192,0.303,160,0.284191829484902,0.923780487804878
26,Danny Walton,R,72,195,0.223,28,0.0497335701598579,0.679878048780488
27,Bobby Cox,R,71,180,0.225,9,0.0159857904085258,0.685975609756098
28,Brad Wellman,R,72,170,0.231,6,0.0106571936056838,0.704268292682927
29,Jeff Newman,R,74,215,0.224,63,0.11190053285968,0.682926829268293
30,Pedro Gonzalez,R,72,176,0.244,8,0.0142095914742451,0.74390243902439
31,Nardi Contreras,B,74,193,0,0,0,0
32,Tommie Reynolds,R,74,190,0.226,12,0.0213143872113677,0.689024390243902
33,Gene Clines,R,69,170,0.277,5,0.0088809946714032,0.844512195121951
34,Jim Hickman,R,75,192,0.252,159,0.282415630550622,0.768292682926829
35,Jack Billingham,R,76,195,0.111,0,0,0.338414634146341
36,Jerry Buchek,R,71,185,0.22,22,0.0390763765541741,0.670731707317073
37,Ivan DeJesus,R,71,175,0.254,21,0.0373001776198934,0.774390243902439
38,Gary Nolan,R,74,197,0.138,1,0.00177619893428064,0.420731707317073
39,Gil Patterson,R,73,185,0,0,0,0
40,Fred Whitfield,L,73,190,0.253,108,0.191829484902309,0.771341463414634
41,Larry Dierker,R,76,215,0.136,4,0.00710479573712256,0.414634146341463
42,Dave Skaggs,R,74,200,0.241,3,0.00532859680284192,0.734756097560976
43,Dick Ruthven,R,75,190,0.183,1,0.00177619893428064,0.557926829268293
44,Jerry Garvin,L,75,195,0,0,0,0
45,Steve Eddy,R,74,185,0,0,0,0
46,Dave Kingman,R,78,210,0.236,442,0.785079928952043,0.719512195121951
47,Eric Soderholm,R,71,187,0.264,102,0.181172291296625,0.804878048780488
48,Kevin Mmahat,L,77,220,0,0,0,0
49,Ed Brinkman,R,72,170,0.224,60,0.106571936056838,0.682926829268293
50,Wayne Garrett,L,71,175,0.239,61,0.108348134991119,0.728658536585366
51,Tony Muser,L,74,180,0.259,7,0.0124333925399645,0.789634146341463
52,Jim Siwy,R,76,200,0,0,0,0
53,Bud Anderson,R,75,210,0,0,0,0
54,Ted Ford,R,70,180,0.219,17,0.0301953818827709,0.667682926829268
55,Kevin Stanfield,L,72,190,0,0,0,0
56,Jim Lyttle,L,72,180,0.248,9,0.0159857904085258,0.75609756097561
57,John Butcher,R,76,185,0,0,0,0
58,Jerry Ujdur,R,73,195,0,0,0,0
59,Scot Thompson,L,75,195,0.262,5,0.0088809946714032,0.798780487804878
60,Gene Locklear,L,70,165,0.274,9,0.0159857904085258,0.835365853658537
61,Bo Diaz,R,71,185,0.255,87,0.154529307282416,0.777439024390244
62,Bump Wills,B,69,172,0.266,36,0.063943161634103,0.810975609756098
63,Brian Denman,R,76,205,0,0,0,0
64,Pat Putnam,L,72,205,0.255,63,0.11190053285968,0.777439024390244
65,Kurt Bevacqua,R,72,180,0.236,27,0.0479573712255773,0.719512195121951
66,Bob Fallon,L,75,200,0,0,0,0
67,Syd O'Brien,R,73,185,0.23,24,0.0426287744227353,0.701219512195122
68,Chris Chambliss,L,73,195,0.279,185,0.328596802841918,0.850609756097561
69,Tom Satriano,L,73,185,0.225,21,0.0373001776198934,0.685975609756098
70,Jeffrey Leonard,R,74,200,0.266,144,0.255772646536412,0.810975609756098
71,Dal Maxvill,R,71,157,0.217,6,0.0106571936056838,0.661585365853658
72,Steve Curry,R,78,217,0,0,0,0
73,Cesar Tovar,R,69,155,0.278,46,0.0817051509769094,0.847560975609756
74,Mickey Lolich,B,73,170,0.11,0,0,0.335365853658537
75,Ray Chadwick,B,74,180,0,0,0,0
76,Jack Heidemann,R,72,175,0.211,9,0.0159857904085258,0.643292682926829
77,Rich Rollins,R,70,185,0.269,77,0.136767317939609,0.820121951219512
78,Walt Bond,L,79,228,0.256,41,0.0728241563055062,0.780487804878049
79,Merv Rettenmund,R,70,190,0.271,66,0.117229129662522,0.826219512195122
80,Bryan Clutterbuck,R,76,223,0,0,0,0
81,Byron Browne,R,74,190,0.236,30,0.0532859680284192,0.719512195121951
82,Hector Torres,R,72,175,0.216,18,0.0319715808170515,0.658536585365854
83,Walt Williams,R,66,165,0.27,33,0.0586145648312611,0.823170731707317
84,Jerry Koosman,R,74,205,0.119,2,0.00355239786856128,0.36280487804878
85,Steve Lombardozzi,R,72,175,0.233,20,0.0355239786856128,0.710365853658537
86,Joe Azcue,R,72,190,0.252,50,0.088809946714032,0.768292682926829
87,Elliott Maddox,R,71,180,0.261,18,0.0319715808170515,0.795731707317073
88,Omar Moreno,L,74,180,0.252,37,0.0657193605683837,0.768292682926829
89,Julian Javier,R,73,175,0.257,78,0.13854351687389,0.783536585365854
90,Tony Ferreira,L,73,160,0,0,0,0
91,Elio Chacon,R,69,160,0.232,4,0.00710479573712256,0.707317073170732
92,Rusty Torres,B,70,175,0.212,35,0.0621669626998224,0.646341463414634
93,John Stearns,R,72,185,0.26,46,0.0817051509769094,0.792682926829268
94,Larry Brown,R,70,160,0.233,47,0.0834813499111901,0.710365853658537
95,Tommy Dean,R,72,165,0.18,4,0.00710479573712256,0.548780487804878
96,Bryan Oelkers,L,75,192,0,0,0,0
97,Kevin Bearse,L,74,195,0,0,0,0
98,Marty Martinez,B,72,170,0.243,0,0,0.740853658536585
99,Bruce Boisclair,L,74,185,0.263,10,0.0177619893428064,0.801829268292683
100,Ken Singleton,B,76,210,0.282,246,0.436944937833037,0.859756097560975
101,Frank White,R,71,165,0.255,160,0.284191829484902,0.777439024390244
102,Jim Fairey,L,70,190,0.235,7,0.0124333925399645,0.716463414634146
103,Jose Roman,R,72,175,0,0,0,0
104,Tom Brookens,R,70,165,0.246,71,0.126110124333925,0.75
105,Gary Thomasson,L,73,180,0.249,61,0.108348134991119,0.759146341463415
106,Mike Trujillo,R,73,180,0,0,0,0
107,Albert Williams,R,76,190,0,0,0,0
108,Oswaldo Peraza,R,76,172,0,0,0,0
109,Otto Velez,R,72,170,0.251,78,0.13854351687389,0.765243902439024
110,Tony Scott,B,72,164,0.249,17,0.0301953818827709,0.759146341463415
111,Ray Oyler,R,71,165,0.175,15,0.0266429840142096,0.533536585365854
112,Barry Cort,R,77,210,0,0,0,0
113,Floyd Robinson,L,69,175,0.283,67,0.119005328596803,0.86280487804878
114,Steve Jeltz,B,71,180,0.21,5,0.0088809946714032,0.640243902439024
115,Lou Brock,L,71,170,0.293,149,0.264653641207815,0.893292682926829
116,Bill Wilkinson,R,70,160,0,0,0,0
117,Joe Lovitto,B,72,185,0.216,4,0.00710479573712256,0.658536585365854
118,Mike Loynd,R,76,210,0,0,0,0
119,Wayne Comer,R,70,175,0.229,16,0.0284191829484902,0.698170731707317
120,Dave Collins,B,71,175,0.272,32,0.0568383658969805,0.829268292682927
121,Ed Spiezio,R,71,180,0.238,39,0.0692717584369449,0.725609756097561
122,Rico Petrocelli,R,72,175,0.251,210,0.373001776198934,0.765243902439024
123,Johnny Lewis,L,73,189,0.227,22,0.0390763765541741,0.692073170731707
124,Dick Simpson,R,76,176,0.207,15,0.0266429840142096,0.63109756097561
125,Ken Boswell,L,72,170,0.248,31,0.0550621669626998,0.75609756097561
126,Ken McMullen,R,75,190,0.248,156,0.27708703374778,0.75609756097561
127,Randy Scarbery,B,73,185,0,0,0,0
128,Steve Swisher,R,74,205,0.216,20,0.0355239786856128,0.658536585365854
129,Ben Callahan,R,79,230,0,0,0,0
130,Dick Howser,R,68,155,0.248,16,0.0284191829484902,0.75609756097561
131,Manny Castillo,B,69,160,0.242,3,0.00532859680284192,0.73780487804878
132,Mike Ramsey,B,73,170,0.24,2,0.00355239786856128,0.731707317073171
133,Willie Crawford,L,73,197,0.268,86,0.152753108348135,0.817073170731707
134,Bobby Cuellar,R,71,188,0,0,0,0
135,Willie Norwood,R,72,185,0.242,18,0.0319715808170515,0.73780487804878
136,Mike Jones,L,78,215,0,0,0,0
137,Jeff Stone,L,72,175,0.277,11,0.019538188277087,0.844512195121951
138,Ramon Manon,R,72,150,0,0,0,0
139,Joe Lahoud,L,73,198,0.223,65,0.115452930728242,0.679878048780488
140,Tim Flannery,L,71,175,0.255,9,0.0159857904085258,0.777439024390244
141,Dave McKay,B,73,195,0.229,21,0.0373001776198934,0.698170731707317
142,John Trautwein,R,75,205,0,0,0,0
143,Andy Replogle,R,77,205,0,0,0,0
144,Zach Crouch,L,75,180,0,0,0,0
145,Benny Ayala,R,73,185,0.251,38,0.0674955595026643,0.765243902439024
146,Ron Romanick,R,76,195,0,0,0,0
147,Greg Gross,L,70,160,0.287,7,0.0124333925399645,0.875
148,Bruce Tanner,L,75,220,0,0,0,0
149,Sal Butera,R,72,190,0.227,8,0.0142095914742451,0.692073170731707
150,Jack Brohamer,L,70,165,0.245,30,0.0532859680284192,0.746951219512195
151,Von Joshua,L,70,170,0.273,30,0.0532859680284192,0.832317073170732
152,Eddie Milner,L,71,173,0.253,42,0.0746003552397869,0.771341463414634
153,Johnny Jeter,R,73,180,0.244,18,0.0319715808170515,0.74390243902439
154,Angel Salazar,R,72,180,0.212,2,0.00355239786856128,0.646341463414634
155,Tony Oliva,L,73,175,0.304,220,0.390763765541741,0.926829268292683
156,Cito Gaston,R,75,190,0.256,91,0.161634103019538,0.780487804878049
157,Cookie Rojas,R,70,160,0.263,54,0.0959147424511545,0.801829268292683
158,Rich Morales,R,71,170,0.195,6,0.0106571936056838,0.594512195121951
159,Dave Ford,R,76,190,0,0,0,0
160,Dan Ford,R,73,185,0.27,121,0.214920071047957,0.823170731707317
161,Barry Raziano,B,70,175,0,0,0,0
162,Darryl Motley,R,69,196,0.243,44,0.0781527531083481,0.740853658536585
163,Ozzie Virgil,R,73,180,0.243,98,0.174067495559503,0.740853658536585
164,Johnny Oates,L,71,188,0.25,14,0.024866785079929,0.76219512195122
165,Pat Underwood,L,72,175,0,0,0,0
166,Mike Phillips,L,72,170,0.24,11,0.019538188277087,0.731707317073171
167,Ron Santo,R,72,190,0.277,342,0.607460035523979,0.844512195121951
168,Jay Johnstone,L,73,175,0.267,102,0.181172291296625,0.814024390243902
169,Jim Ray Hart,R,71,185,0.278,170,0.301953818827709,0.847560975609756
170,Marc Hill,R,75,205,0.223,34,0.0603907637655417,0.679878048780488
171,Joel McKeon,L,72,185,0,0,0,0
172,Danny Fife,R,75,175,0,0,0,0
173,Chico Salmon,R,70,160,0.249,31,0.0550621669626998,0.759146341463415
174,Joe Niekro,R,73,185,0.156,1,0.00177619893428064,0.475609756097561
175,Andy Etchebarren,R,73,190,0.235,49,0.0870337477797513,0.716463414634146
176,Ken Berry,R,72,175,0.255,58,0.103019538188277,0.777439024390244
177,Dave Concepcion,R,74,155,0.267,101,0.179396092362345,0.814024390243902
178,Junior Moore,R,71,185,0.264,7,0.0124333925399645,0.804878048780488
179,Mike Richardt,R,72,170,0.226,4,0.00710479573712256,0.689024390243902
180,Chris Brown,R,72,185,0.269,38,0.0674955595026643,0.820121951219512
181,Al Bumbry,L,68,170,0.281,54,0.0959147424511545,0.856707317073171
182,Al Downing,R,71,175,0.127,2,0.00355239786856128,0.38719512195122
183,Bob Didier,B,72,190,0.229,0,0,0.698170731707317
184,Jake Gibbs,L,72,180,0.233,25,0.044404973357016,0.710365853658537
185,Garry Hancock,L,72,175,0.247,12,0.0213143872113677,0.753048780487805
186,Ed Kranepool,L,75,205,0.261,118,0.209591474245115,0.795731707317073
187,Rick Rhoden,R,75,195,0.238,9,0.0159857904085258,0.725609756097561
188,Denny McLain,R,73,185,0.133,1,0.00177619893428064,0.405487804878049
189,Chuck Hiller,L,71,170,0.243,20,0.0355239786856128,0.740853658536585
190,Jorge Orta,L,70,170,0.278,130,0.230905861456483,0.847560975609756
191,Dave Cash,R,71,170,0.283,21,0.0373001776198934,0.86280487804878
192,Bucky Dent,R,69,170,0.247,40,0.0710479573712256,0.753048780487805
193,Andy Beene,R,75,205,0,0,0,0
194,Bruce Robbins,L,73,190,0,0,0,0
195,Tony Gonzalez,L,69,170,0.286,103,0.182948490230906,0.871951219512195
196,Leon Hooten,R,71,180,0,0,0,0
197,Larry Haney,R,74,195,0.215,12,0.0213143872113677,0.655487804878049
198,Billy Conigliaro,R,72,180,0.256,40,0.0710479573712256,0.780487804878049
199,Gary Roenicke,R,75,205,0.247,121,0.214920071047957,0.753048780487805
200,Don Lock,R,74,195,0.238,122,0.216696269982238,0.725609756097561
201,Billy Cowan,R,72,170,0.236,40,0.0710479573712256,0.719512195121951
202,Billy Smith,B,74,185,0.23,17,0.0301953818827709,0.701219512195122
203,Allan Ramirez,R,70,180,0,0,0,0
204,Tony Perez,R,74,175,0.279,379,0.673179396092362,0.850609756097561
205,Chuck Schilling,R,70,160,0.239,23,0.0408525754884547,0.728658536585366
206,Hal McRae,R,71,180,0.29,191,0.339253996447602,0.884146341463415
207,Dave Roberts,R,75,215,0.239,49,0.0870337477797513,0.728658536585366
208,Brian Allard,R,73,175,0,0,0,0
209,Jim Lefebvre,B,72,180,0.251,74,0.131438721136767,0.765243902439024
210,Fernando Arroyo,R,74,180,0,0,0,0
211,Gary Beare,R,76,205,0,0,0,0
212,Charlie Spikes,R,75,215,0.246,65,0.115452930728242,0.75
213,Brian Dubois,L,70,165,0,0,0,0
214,Steve Whitaker,L,72,180,0.23,24,0.0426287744227353,0.701219512195122
215,Manny Jimenez,L,73,185,0.272,26,0.0461811722912966,0.829268292682927
216,Chris Batton,R,76,195,0,0,0,0
217,Duffy Dyer,R,72,187,0.221,30,0.0532859680284192,0.673780487804878
218,Ken Henderson,B,74,180,0.257,122,0.216696269982238,0.783536585365854
219,Vance Lovelace,L,77,205,0,0,0,0
220,Greg Thayer,R,71,182,0,0,0,0
221,Vern Fuller,R,73,170,0.232,14,0.024866785079929,0.707317073170732
222,Paul Hartzell,R,77,200,0,0,0,0
223,Wayne Gross,L,74,210,0.233,121,0.214920071047957,0.710365853658537
224,Mike Champion,R,72,185,0.229,2,0.00355239786856128,0.698170731707317
225,Ralph Botting,L,72,195,0,0,0,0
226,Paul Casanova,R,76,180,0.225,50,0.088809946714032,0.685975609756098
227,Steve Rogers,R,74,175,0.138,0,0,0.420731707317073
228,Keith Creel,R,74,180,0,0,0,0
229,Terry Crowley,L,72,180,0.25,42,0.0746003552397869,0.76219512195122
230,Horace Clarke,B,69,170,0.256,27,0.0479573712255773,0.780487804878049
231,Lou Clinton,R,73,185,0.247,65,0.115452930728242,0.753048780487805
232,Larry Cox,R,70,178,0.221,12,0.0213143872113677,0.673780487804878
233,Nate Colbert,R,74,190,0.243,173,0.307282415630551,0.740853658536585
234,Phil Roof,R,74,190,0.215,43,0.0763765541740675,0.655487804878049
235,Chuck Hinton,R,73,180,0.264,113,0.200710479573712,0.804878048780488
236,Tim Cullen,R,73,185,0.22,9,0.0159857904085258,0.670731707317073
237,Tim Harkness,L,74,182,0.235,14,0.024866785079929,0.716463414634146
238,Rick Bosetti,R,71,185,0.25,17,0.0301953818827709,0.76219512195122
239,Ron Pruitt,R,72,185,0.269,12,0.0213143872113677,0.820121951219512
240,George Foster,R,73,180,0.274,348,0.618117229129662,0.835365853658537
241,Jerry White,B,70,164,0.253,21,0.0373001776198934,0.771341463414634
242,Angel Mangual,R,70,178,0.245,22,0.0390763765541741,0.746951219512195
243,Ken Gerhart,R,72,190,0.221,24,0.0426287744227353,0.673780487804878
244,Mike Hershberger,R,70,175,0.252,26,0.0461811722912966,0.768292682926829
245,Jim French,L,68,180,0.196,5,0.0088809946714032,0.597560975609756
246,Dave Roberts,L,75,195,0.194,7,0.0124333925399645,0.591463414634146
247,Jim Mason,L,74,185,0.203,12,0.0213143872113677,0.61890243902439
248,Mike Smith,R,75,180,0,0,0,0
249,Willie Smith,L,72,182,0.248,46,0.0817051509769094,0.75609756097561
250,T.R. Bryden,R,76,190,0,0,0,0
251,Jose Arcia,R,75,170,0.215,1,0.00177619893428064,0.655487804878049
252,Leon Durham,L,73,185,0.277,147,0.261101243339254,0.844512195121951
253,Tom Makowski,R,71,185,0,0,0,0
254,Paul Householder,B,72,180,0.236,29,0.0515097690941385,0.719512195121951
255,Aurelio Rodriguez,R,70,180,0.237,124,0.220248667850799,0.722560975609756
256,Jimmy Stewart,B,72,165,0.237,8,0.0142095914742451,0.722560975609756
257,Dick Phillips,L,72,180,0.229,12,0.0213143872113677,0.698170731707317
258,Andres Thomas,R,73,170,0.234,42,0.0746003552397869,0.713414634146341
259,Ed Crosby,L,74,175,0.22,0,0,0.670731707317073
260,Mike de la Hoz,R,71,175,0.251,25,0.044404973357016,0.765243902439024
261,Frank Taveras,R,72,155,0.255,2,0.00355239786856128,0.777439024390244
262,Joe Nossek,R,72,178,0.228,3,0.00532859680284192,0.695121951219512
263,Larry Stahl,L,72,175,0.232,36,0.063943161634103,0.707317073170732
264,Jose Cruz,L,72,170,0.284,165,0.293072824156306,0.865853658536585
265,Don Mason,L,71,160,0.205,3,0.00532859680284192,0.625
266,Bill Robinson,R,74,189,0.258,166,0.294849023090586,0.786585365853659
267,Jim Umbarger,L,78,200,0,0,0,0
268,Sal Bando,R,72,195,0.254,242,0.429840142095915,0.774390243902439
269,George Mitterwald,R,74,195,0.236,76,0.134991119005329,0.719512195121951
270,Mike Darr,R,76,190,0,0,0,0
271,Craig Robinson,R,70,165,0.219,0,0,0.667682926829268
272,Bob Tillman,R,76,205,0.232,79,0.140319715808171,0.707317073170732
273,Curt Wardle,L,77,220,0,0,0,0
274,Pat Corrales,R,72,180,0.216,4,0.00710479573712256,0.658536585365854
275,Mike Tyson,R,69,170,0.241,27,0.0479573712255773,0.734756097560976
276,Rafael Landestoy,B,70,165,0.237,4,0.00710479573712256,0.722560975609756
277,Duane Josephson,R,72,190,0.258,23,0.0408525754884547,0.786585365853659
278,Duane Walker,L,72,185,0.229,24,0.0426287744227353,0.698170731707317
279,Glenn Hubbard,R,69,150,0.244,70,0.124333925399645,0.74390243902439
280,Roger Freed,R,72,190,0.245,22,0.0390763765541741,0.746951219512195
281,George Hendrick,R,75,195,0.278,267,0.474245115452931,0.847560975609756
282,Rod Carew,L,72,170,0.328,92,0.163410301953819,1
283,Bob Davis,R,72,180,0.197,6,0.0106571936056838,0.600609756097561
284,Toby Harrah,R,72,175,0.264,195,0.346358792184725,0.804878048780488
285,Rick Manning,L,73,180,0.257,56,0.0994671403197158,0.783536585365854
286,Israel Sanchez,L,69,170,0,0,0,0
287,Steve Burke,B,74,200,0,0,0,0
288,Gary Matthews,R,74,185,0.281,234,0.41563055062167,0.856707317073171
289,Cesar Geronimo,L,72,165,0.258,51,0.0905861456483126,0.786585365853659
290,Billy Bryan,L,76,200,0.216,41,0.0728241563055062,0.658536585365854
291,Terry Taylor,R,73,180,0,0,0,0
292,Terry Whitfield,L,73,197,0.281,33,0.0586145648312611,0.856707317073171
293,Mario Mendoza,R,71,170,0.215,4,0.00710479573712256,0.655487804878049
294,Fred Lynn,L,73,185,0.283,306,0.543516873889876,0.86280487804878
295,Larry Hisle,R,74,193,0.273,166,0.294849023090586,0.832317073170732
296,Graig Nettles,L,72,180,0.248,390,0.692717584369449,0.75609756097561
297,Randy Nosek,R,76,215,0,0,0,0
298,Dave Engle,R,75,210,0.262,31,0.0550621669626998,0.798780487804878
299,Narciso Elvira,L,70,160,0,0,0,0
300,Mike Easler,L,72,190,0.293,118,0.209591474245115,0.893292682926829
301,Mark Smith,R,74,215,0,0,0,0
302,Paul Mitchell,R,73,195,0,0,0,0
303,Rick Sweet,B,73,200,0.234,6,0.0106571936056838,0.713414634146341
304,Thurman Munson,R,71,190,0.292,113,0.200710479573712,0.890243902439024
305,Rick Monday,L,75,193,0.264,241,0.428063943161634,0.804878048780488
306,Mike Sadek,R,69,165,0.226,5,0.0088809946714032,0.689024390243902
307,Mark Belanger,R,73,170,0.228,20,0.0355239786856128,0.695121951219512
308,Ron Hunt,R,72,186,0.273,39,0.0692717584369449,0.832317073170732
309,Joe Keough,L,72,185,0.246,9,0.0159857904085258,0.75
310,Butch Edge,R,75,203,0,0,0,0
311,Vic Correll,R,70,185,0.229,29,0.0515097690941385,0.698170731707317
312,Jackie Hernandez,R,71,165,0.208,12,0.0213143872113677,0.634146341463415
313,Tony Solaita,L,72,210,0.255,50,0.088809946714032,0.777439024390244
314,U L Washington,B,71,175,0.251,27,0.0479573712255773,0.765243902439024
315,Gary Mielke,R,75,185,0,0,0,0
316,Rick Henninger,R,78,225,0,0,0,0
317,Joe Foy,R,72,215,0.248,58,0.103019538188277,0.75609756097561
318,Ed Goodson,L,75,180,0.26,30,0.0532859680284192,0.792682926829268
319,Mark Brown,B,74,190,0,0,0,0
320,Mickey Klutts,R,71,170,0.241,14,0.024866785079929,0.734756097560976
321,Leroy Stanton,R,73,195,0.244,77,0.136767317939609,0.74390243902439
322,Rafael Vasquez,R,72,160,0,0,0,0
323,Len Whitehouse,L,71,175,0,0,0,0
324,Danny Ainge,R,76,175,0.22,2,0.00355239786856128,0.670731707317073
325,Adolfo Phillips,R,73,175,0.247,59,0.104795737122558,0.753048780487805
326,Marv Breeding,R,72,175,0.25,7,0.0124333925399645,0.76219512195122
327,Steve Adkins,R,78,210,0,0,0,0
328,Dick McAuliffe,L,71,176,0.247,197,0.349911190053286,0.753048780487805
329,Joe Horlen,R,72,170,0.134,0,0,0.408536585365854
330,Glenn Burke,R,72,195,0.237,2,0.00355239786856128,0.722560975609756
331,Tony Mack,R,70,177,0,0,0,0
332,Terry Humphrey,R,75,185,0.211,6,0.0106571936056838,0.643292682926829
333,Bill Moran,R,76,210,0,0,0,0
334,Enzo Hernandez,R,68,155,0.224,2,0.00355239786856128,0.682926829268293
335,Cesar Gutierrez,R,69,155,0.235,0,0,0.716463414634146
336,Coco Laboy,R,70,165,0.233,28,0.0497335701598579,0.710365853658537
337,Ted Kubiak,B,72,175,0.231,13,0.0230905861456483,0.704268292682927
338,Jim Morrison,R,71,175,0.26,112,0.198934280639432,0.792682926829268
339,Tom Gilles,R,73,185,0,0,0,0
340,Bobby Knoop,R,73,170,0.236,56,0.0994671403197158,0.719512195121951
341,Bobby Brown,B,74,190,0.245,26,0.0461811722912966,0.746951219512195
342,Tom Hutton,L,71,180,0.248,22,0.0390763765541741,0.75609756097561
343,Ron Hodges,L,73,185,0.24,19,0.0337477797513321,0.731707317073171
344,Rich Chiles,L,71,170,0.254,6,0.0106571936056838,0.774390243902439
345,Tom Paciorek,R,76,215,0.282,86,0.152753108348135,0.859756097560975
346,Gary Woods,R,74,185,0.243,13,0.0230905861456483,0.740853658536585
347,Bob Montgomery,R,73,195,0.258,23,0.0408525754884547,0.786585365853659
348,Jeff Burroughs,R,73,200,0.261,240,0.426287744227353,0.795731707317073
349,Rusty Staub,L,74,190,0.279,292,0.518650088809947,0.850609756097561
350,Jim Norris,L,70,175,0.264,7,0.0124333925399645,0.804878048780488
351,Oscar Gamble,L,71,160,0.265,200,0.355239786856128,0.807926829268293
352,Bob Kammeyer,R,76,210,0,0,0,0
353,George Vukovich,L,72,198,0.268,27,0.0479573712255773,0.817073170731707
354,Joe Pactwa,L,71,185,0,0,0,0
355,Craig Reynolds,L,73,175,0.256,42,0.0746003552397869,0.780487804878049
356,Paul Blair,R,72,168,0.25,134,0.238010657193606,0.76219512195122
357,Al Cowens,R,73,197,0.27,108,0.191829484902309,0.823170731707317
358,Al Oliver,L,72,195,0.303,219,0.38898756660746,0.923780487804878
359,Dave Hilton,R,71,191,0.213,6,0.0106571936056838,0.649390243902439
360,Luis Alvarado,R,69,162,0.214,5,0.0088809946714032,0.652439024390244
361,Larry Parrish,R,75,190,0.263,256,0.454706927175844,0.801829268292683
362,Woodie Fryman,R,75,197,0.138,2,0.00355239786856128,0.420731707317073
363,Bob Randall,R,74,175,0.257,1,0.00177619893428064,0.783536585365854
364,Jim Pankovits,R,70,170,0.25,9,0.0159857904085258,0.76219512195122
365,Sherman Corbett,L,76,205,0,0,0,0
366,Carmen Fanzone,R,72,200,0.224,20,0.0355239786856128,0.682926829268293
367,Gary Allenson,R,71,185,0.221,19,0.0337477797513321,0.673780487804878
368,Milt May,L,72,190,0.263,77,0.136767317939609,0.801829268292683
369,Mike Vail,R,73,180,0.279,34,0.0603907637655417,0.850609756097561
370,Nick Esasky,R,75,200,0.25,122,0.216696269982238,0.76219512195122
371,Jim Nettles,L,72,186,0.22,16,0.0284191829484902,0.670731707317073
372,Lafayette Currence,B,71,175,0,0,0,0
373,Chris Cannizzaro,R,72,190,0.235,18,0.0319715808170515,0.716463414634146
374,Larry Biittner,L,74,205,0.273,29,0.0515097690941385,0.832317073170732
375,John Pawlowski,R,74,175,0,0,0,0
376,Mel Stottlemyre,R,73,178,0.16,7,0.0124333925399645,0.48780487804878
377,Jack Hardy,R,74,175,0,0,0,0
378,Ron Musselman,R,74,185,0,0,0,0
379,Roy Smalley,B,73,185,0.257,163,0.289520426287744,0.783536585365854
380,Tony Chevez,R,71,177,0,0,0,0
381,Andy Messersmith,R,73,200,0.17,5,0.0088809946714032,0.518292682926829
382,Richie Zisk,R,73,200,0.287,207,0.367673179396092,0.875
383,Dave Chalk,R,70,175,0.252,15,0.0266429840142096,0.768292682926829
384,Don Baylor,R,73,190,0.26,338,0.600355239786856,0.792682926829268
385,John Vukovich,R,73,187,0.161,6,0.0106571936056838,0.490853658536585
386,Danny Thompson,R,72,183,0.248,15,0.0266429840142096,0.75609756097561
387,Joe Simpson,L,75,175,0.242,9,0.0159857904085258,0.73780487804878
388,Bill Fahey,L,72,200,0.241,7,0.0124333925399645,0.734756097560976
389,Doug Camilli,R,71,195,0.199,18,0.0319715808170515,0.606707317073171
390,Bernie Allen,L,72,175,0.239,73,0.129662522202487,0.728658536585366
391,Bruce Bochy,R,75,205,0.239,26,0.0461811722912966,0.728658536585366
392,Gary Ignasiak,R,71,185,0,0,0,0
393,Claudell Washington,L,72,190,0.278,164,0.291296625222025,0.847560975609756
394,John Donaldson,L,71,160,0.238,4,0.00710479573712256,0.725609756097561
395,Mike Smithson,L,80,215,0,0,0,0
396,John Mayberry,L,75,215,0.253,255,0.452930728241563,0.771341463414634
397,Ken Reitz,R,72,180,0.26,68,0.120781527531083,0.792682926829268
398,Amos Otis,R,71,165,0.277,193,0.342806394316163,0.844512195121951
399,Gene Alley,R,70,160,0.254,55,0.0976909413854352,0.774390243902439
400,Ted Sizemore,R,70,165,0.262,23,0.0408525754884547,0.798780487804878
401,Dan Briggs,L,72,180,0.195,12,0.0213143872113677,0.594512195121951
402,Joe Skalski,R,75,190,0,0,0,0
403,Doug Flynn,R,71,165,0.238,7,0.0124333925399645,0.725609756097561
404,Bert Bradley,B,73,190,0,0,0,0
405,Ken Holtzman,R,74,175,0.163,2,0.00355239786856128,0.496951219512195
406,Pete Ward,L,73,185,0.254,98,0.174067495559503,0.774390243902439
407,Kevin Bell,R,72,195,0.222,13,0.0230905861456483,0.676829268292683
408,Tom Nieto,R,73,193,0.205,5,0.0088809946714032,0.625
409,Duke Sims,L,74,197,0.239,100,0.177619893428064,0.728658536585366
410,Larvell Blanks,R,68,167,0.253,20,0.0355239786856128,0.771341463414634
411,Francisco Barrios,R,71,155,0,0,0,0
412,Mike Davis,L,74,175,0.259,91,0.161634103019538,0.789634146341463
413,Jerry Reuss,L,77,200,0.167,1,0.00177619893428064,0.509146341463415
414,Steve Yeager,R,72,190,0.228,102,0.181172291296625,0.695121951219512
415,Danny Goodwin,L,73,195,0.236,13,0.0230905861456483,0.719512195121951
416,Bud Harrelson,B,71,160,0.236,7,0.0124333925399645,0.719512195121951
417,Bob Knepper,L,75,195,0.137,6,0.0106571936056838,0.417682926829268
418,Mickey Rivers,L,70,165,0.295,61,0.108348134991119,0.899390243902439
419,Jim Northrup,L,75,190,0.267,153,0.271758436944938,0.814024390243902
420,John Hale,L,74,195,0.201,14,0.024866785079929,0.61280487804878
421,Reggie Ritter,L,74,195,0,0,0,0
422,Pedro Garcia,R,70,175,0.22,37,0.0657193605683837,0.670731707317073
423,Carl Yastrzemski,L,71,175,0.285,452,0.802841918294849,0.86890243902439
424,Bob Babcock,R,77,210,0,0,0,0
425,Craig Eaton,R,71,175,0,0,0,0
426,Derrel Thomas,B,72,160,0.249,43,0.0763765541740675,0.759146341463415
427,Art Howe,R,74,190,0.26,43,0.0763765541740675,0.792682926829268
428,Ike Brown,R,72,190,0.256,20,0.0355239786856128,0.780487804878049
429,Howie Goss,R,76,204,0.216,11,0.019538188277087,0.658536585365854
430,Glenn Borgmann,R,76,210,0.229,16,0.0284191829484902,0.698170731707317
431,Lamar Johnson,R,74,215,0.287,64,0.113676731793961,0.875
432,Julio Gonzalez,R,71,162,0.235,4,0.00710479573712256,0.716463414634146
433,Bobby Klaus,R,70,170,0.208,6,0.0106571936056838,0.634146341463415
434,Manny Sanguillen,R,72,193,0.296,65,0.115452930728242,0.902439024390244
435,Gates Brown,L,71,220,0.257,84,0.149200710479574,0.783536585365854
436,Johnny Ray,B,71,170,0.29,53,0.0941385435168739,0.884146341463415
437,Jesus Alou,R,74,190,0.28,32,0.0568383658969805,0.853658536585366
438,Ken Landreaux,L,70,165,0.268,91,0.161634103019538,0.817073170731707
439,Enos Cabell,R,76,170,0.277,60,0.106571936056838,0.844512195121951
440,Roy Branch,R,72,175,0,0,0,0
441,Billy North,B,71,185,0.261,20,0.0355239786856128,0.795731707317073
442,Juan Beniquez,R,71,150,0.274,79,0.140319715808171,0.835365853658537
443,Frank Fernandez,R,72,185,0.199,39,0.0692717584369449,0.606707317073171
444,Bombo Rivera,R,70,187,0.265,10,0.0177619893428064,0.807926829268293
445,Steve Brye,R,72,190,0.258,30,0.0532859680284192,0.786585365853659
446,Ron Jackson,R,72,200,0.259,56,0.0994671403197158,0.789634146341463
447,Roger Metzger,B,72,165,0.231,5,0.0088809946714032,0.704268292682927
448,Rufino Linares,R,72,170,0.27,11,0.019538188277087,0.823170731707317
449,Ray Webster,L,72,185,0.244,17,0.0301953818827709,0.74390243902439
450,Bob Kearney,R,72,190,0.233,27,0.0479573712255773,0.710365853658537
451,Fergie Jenkins,R,77,205,0.165,13,0.0230905861456483,0.503048780487805
452,Dick Dietz,R,73,195,0.261,66,0.117229129662522,0.795731707317073
453,Ted Cox,R,75,195,0.245,10,0.0177619893428064,0.746951219512195
454,Bobby Mitchell,L,70,170,0.243,3,0.00532859680284192,0.740853658536585
455,Bobby Mitchell,R,75,185,0.235,21,0.0373001776198934,0.716463414634146
456,Barry Evans,R,73,180,0.251,2,0.00355239786856128,0.765243902439024
457,Mickey Brantley,R,70,180,0.259,32,0.0568383658969805,0.789634146341463
458,Al Gallagher,R,72,180,0.263,11,0.019538188277087,0.801829268292683
459,Rob Woodward,R,75,185,0,0,0,0
460,Hector Cruz,R,71,170,0.225,39,0.0692717584369449,0.685975609756098
461,Fred Norman,B,68,155,0.125,0,0,0.38109756097561
462,Woody Woodward,R,74,180,0.236,1,0.00177619893428064,0.719512195121951
463,Ted Martinez,R,72,165,0.24,7,0.0124333925399645,0.731707317073171
464,Jim Anderson,R,72,170,0.218,13,0.0230905861456483,0.664634146341463
465,Lenn Sakata,R,69,160,0.23,25,0.044404973357016,0.701219512195122
466,Dave Duncan,R,74,190,0.214,109,0.19360568383659,0.652439024390244
467,Randy Jones,R,72,178,0.132,0,0,0.402439024390244
468,Dick Billings,R,73,195,0.227,16,0.0284191829484902,0.692073170731707
469,Bob Veselic,R,72,175,0,0,0,0
470,Bruce Bochte,L,75,195,0.282,100,0.177619893428064,0.859756097560975
471,Bernie Carbo,L,71,173,0.264,96,0.170515097690941,0.804878048780488
472,Vic Davalillo,L,67,150,0.279,36,0.063943161634103,0.850609756097561
473,Burt Hooton,R,73,210,0.123,4,0.00710479573712256,0.375
474,Chuck Hockenbery,B,73,195,0,0,0,0
475,Bob Ferris,R,78,225,0,0,0,0
476,Fernando Gonzalez,R,70,165,0.235,17,0.0301953818827709,0.716463414634146
477,Jim Sundberg,R,72,190,0.248,95,0.168738898756661,0.75609756097561
478,Andy Kosco,R,75,205,0.236,73,0.129662522202487,0.719512195121951
479,Steve Huntz,B,73,204,0.206,16,0.0284191829484902,0.628048780487805
480,Gary Wheelock,R,75,205,0,0,0,0
481,Lenny Faedo,R,72,170,0.251,5,0.0088809946714032,0.765243902439024
482,John Lowenstein,L,72,175,0.253,116,0.206039076376554,0.771341463414634
483,Don Kessinger,B,73,170,0.252,14,0.024866785079929,0.768292682926829
484,Joe Hague,L,72,195,0.239,40,0.0710479573712256,0.728658536585366
485,Bake McBride,L,74,190,0.299,63,0.11190053285968,0.911585365853658
486,Dick Davis,R,75,190,0.265,27,0.0479573712255773,0.807926829268293
487,Richie Scheinblum,B,73,180,0.263,13,0.0230905861456483,0.801829268292683
488,Ed Herrmann,L,73,195,0.24,80,0.142095914742451,0.731707317073171
489,Mike Rochford,L,76,205,0,0,0,0
490,Jeff Schneider,B,75,195,0,0,0,0
491,Bob Molinaro,L,72,190,0.264,14,0.024866785079929,0.804878048780488
492,Mike Hegan,L,73,188,0.242,53,0.0941385435168739,0.73780487804878
493,Mike Diaz,R,74,195,0.247,31,0.0550621669626998,0.753048780487805
494,Tim Foli,R,72,179,0.251,25,0.044404973357016,0.765243902439024
495,Alan Knicely,R,72,190,0.213,12,0.0213143872113677,0.649390243902439
496,Tim Laudner,R,75,212,0.225,77,0.136767317939609,0.685975609756098
497,Jose Morales,R,71,187,0.287,26,0.0461811722912966,0.875
498,Luis Encarnacion,R,70,178,0,0,0,0
499,Rick Kreuger,R,74,185,0,0,0,0
500,Juan Marichal,R,72,185,0.165,4,0.00710479573712256,0.503048780487805
501,Vida Blue,B,72,189,0.104,4,0.00710479573712256,0.317073170731707
502,Angel Moreno,L,69,165,0,0,0,0
503,Roger Weaver,R,75,190,0,0,0,0
504,Stan Papi,R,72,170,0.218,7,0.0124333925399645,0.664634146341463
505,Rob Wilfong,L,73,180,0.248,39,0.0692717584369449,0.75609756097561
506,Chris Knapp,R,77,195,0,0,0,0
507,Steve Henderson,R,74,190,0.28,68,0.120781527531083,0.853658536585366
508,Rob Picciolo,R,74,185,0.234,17,0.0301953818827709,0.713414634146341
509,Don Welchel,R,76,205,0,0,0,0
510,Randy Wiles,L,73,185,0,0,0,0
511,Roberto Pena,R,68,170,0.245,13,0.0230905861456483,0.746951219512195
512,Bob Dernier,R,72,160,0.255,23,0.0408525754884547,0.777439024390244
513,Bill Melton,R,74,200,0.253,160,0.284191829484902,0.771341463414634
514,Albert Hall,B,71,155,0.251,5,0.0088809946714032,0.765243902439024
515,Barbaro Garbey,R,70,170,0.267,11,0.019538188277087,0.814024390243902
516,John Milner,L,72,185,0.249,131,0.232682060390764,0.759146341463415
517,Rich Reese,L,75,185,0.253,52,0.0923623445825933,0.771341463414634
518,Chris Bando,B,72,195,0.227,27,0.0479573712255773,0.692073170731707
519,Bill Buckner,L,72,185,0.289,174,0.309058614564831,0.88109756097561
520,Jack Hiatt,R,74,190,0.251,22,0.0390763765541741,0.765243902439024
521,Nelson Mathews,R,76,195,0.223,22,0.0390763765541741,0.679878048780488
522,Larry Lintz,B,69,150,0.227,0,0,0.692073170731707
523,Ron Theobald,R,68,165,0.248,2,0.00355239786856128,0.75609756097561
524,Dewey Robinson,R,72,180,0,0,0,0
525,Rafael Santana,R,73,165,0.246,13,0.0230905861456483,0.75
526,Jerry Hairston,B,70,170,0.258,30,0.0532859680284192,0.786585365853659
527,Tony Arnold,R,71,170,0,0,0,0
528,Jeff Schattinger,L,77,200,0,0,0,0
529,Ike Brookens,R,77,170,0,0,0,0
530,Tommie Aaron,R,75,190,0.229,13,0.0230905861456483,0.698170731707317
531,Steve Dillard,R,73,180,0.243,13,0.0230905861456483,0.740853658536585
532,Win Remmerswaal,R,74,160,0,0,0,0
533,Jeff Peterek,R,74,195,0,0,0,0
534,George Scott,R,74,200,0.268,271,0.481349911190053,0.817073170731707
535,Jeff Shaver,R,75,195,0,0,0,0
536,Ken Walters,R,73,180,0.231,11,0.019538188277087,0.704268292682927
537,Gorman Thomas,R,74,210,0.225,268,0.476021314387211,0.685975609756098
538,Paul Dade,R,73,185,0.27,10,0.0177619893428064,0.823170731707317
539,Darrell Porter,L,72,193,0.247,188,0.33392539964476,0.753048780487805
540,Tim Johnson,L,73,170,0.223,0,0,0.679878048780488
541,Fred Stanley,R,70,165,0.216,10,0.0177619893428064,0.658536585365854
542,Larry Bowa,B,70,155,0.26,15,0.0266429840142096,0.792682926829268
543,Tim Corcoran,L,71,175,0.27,12,0.0213143872113677,0.823170731707317
544,Jim Spencer,L,74,195,0.25,146,0.259325044404973,0.76219512195122
545,Pete LaCock,L,74,200,0.257,27,0.0479573712255773,0.783536585365854
546,Carl Morton,R,72,200,0.156,7,0.0124333925399645,0.475609756097561
547,Gary Gray,R,72,187,0.24,24,0.0426287744227353,0.731707317073171
548,Matty Alou,L,69,160,0.307,31,0.0550621669626998,0.935975609756098
549,Pete Filson,B,74,195,0,0,0,0
550,Jim Dwyer,L,70,165,0.26,77,0.136767317939609,0.792682926829268
551,Dalton Jones,L,73,180,0.235,41,0.0728241563055062,0.716463414634146
552,Rennie Stennett,R,71,160,0.274,41,0.0728241563055062,0.835365853658537
553,Jim Gideon,R,75,190,0,0,0,0
554,Jerry May,R,74,190,0.234,15,0.0266429840142096,0.713414634146341
555,Rich McKinney,R,71,185,0.225,20,0.0355239786856128,0.685975609756098
556,Clint Hurdle,L,75,195,0.259,32,0.0568383658969805,0.789634146341463
557,Mike Andrews,R,75,195,0.258,66,0.117229129662522,0.786585365853659
558,Bobby Clark,R,72,190,0.239,19,0.0337477797513321,0.728658536585366
559,Jeff Twitty,L,74,185,0,0,0,0
560,Cliff Johnson,R,76,215,0.258,196,0.348134991119005,0.786585365853659
561,Steve Cummings,B,74,200,0,0,0,0
562,Donn Clendenon,R,76,209,0.274,159,0.282415630550622,0.835365853658537
563,Charlie James,R,73,195,0.255,29,0.0515097690941385,0.777439024390244
564,Bob Horner,R,73,195,0.277,218,0.387211367673179,0.844512195121951
565,Tom Veryzer,R,73,175,0.241,14,0.024866785079929,0.734756097560976
566,Jose Cecena,R,71,180,0,0,0,0
567,George Smith,R,70,170,0.205,9,0.0159857904085258,0.625
568,Jim Essian,R,74,195,0.244,33,0.0586145648312611,0.74390243902439
569,Onix Concepcion,R,66,160,0.239,3,0.00532859680284192,0.728658536585366
570,Boots Day,L,69,160,0.256,8,0.0142095914742451,0.780487804878049
571,Brian Giles,R,73,165,0.228,10,0.0177619893428064,0.695121951219512
572,Garry Maddox,R,75,175,0.285,117,0.207815275310835,0.86890243902439
573,Alex Trevino,R,70,165,0.249,23,0.0408525754884547,0.759146341463415
574,Jim Price,R,72,192,0.214,18,0.0319715808170515,0.652439024390244
575,Felix Millan,R,71,172,0.279,22,0.0390763765541741,0.850609756097561
576,Steve Garvey,R,70,192,0.294,272,0.483126110124334,0.896341463414634
577,Don Mincher,L,75,205,0.249,200,0.355239786856128,0.759146341463415
578,Greg Erardi,R,73,190,0,0,0,0
579,Jim Farr,R,73,195,0,0,0,0
580,Tony Cloninger,R,72,210,0.192,11,0.019538188277087,0.585365853658537
581,Jim Gosger,L,71,185,0.226,30,0.0532859680284192,0.689024390243902
582,Chuck Harrison,R,70,185,0.238,17,0.0301953818827709,0.725609756097561
583,Mike Ivie,R,75,205,0.269,81,0.143872113676732,0.820121951219512
584,Frank Dimichele,R,75,205,0,0,0,0
585,Bob Veale,B,78,212,0.114,0,0,0.347560975609756
586,Marvell Wynne,L,71,175,0.247,40,0.0710479573712256,0.753048780487805
587,Dusty Baker,R,74,183,0.278,242,0.429840142095915,0.847560975609756
588,Tucker Ashford,R,73,195,0.218,6,0.0106571936056838,0.664634146341463
589,Ned Yost,R,73,190,0.212,16,0.0284191829484902,0.646341463414634
590,Bob Stinson,B,71,180,0.25,33,0.0586145648312611,0.76219512195122
591,Mike Warren,R,73,175,0,0,0,0
592,Gaylord Perry,R,76,205,0.131,6,0.0106571936056838,0.399390243902439
593,Dave Marshall,L,73,182,0.246,16,0.0284191829484902,0.75
594,Mickey Hatcher,R,74,200,0.28,38,0.0674955595026643,0.853658536585366
595,Roger Repoz,L,75,190,0.224,82,0.145648312611012,0.682926829268293
596,Bill Fulton,R,75,195,0,0,0,0
597,John Orsino,R,75,215,0.249,40,0.0710479573712256,0.759146341463415
598,Larry Anderson,R,75,190,0,0,0,0
599,Johnny Briggs,L,73,190,0.253,139,0.246891651865009,0.771341463414634
600,Craig Mitchell,R,75,180,0,0,0,0
601,Dave Hostetler,R,76,215,0.229,37,0.0657193605683837,0.698170731707317
602,Bob Jones,L,74,195,0.221,20,0.0355239786856128,0.673780487804878
603,Keith Hernandez,L,72,180,0.296,162,0.287744227353464,0.902439024390244
604,Alfredo Martinez,R,75,185,0,0,0,0
605,Dean Chance,R,75,200,0.066,0,0,0.201219512195122
606,Willie Upshaw,L,72,185,0.262,123,0.218472468916519,0.798780487804878
607,Dick Green,R,70,180,0.24,80,0.142095914742451,0.731707317073171
608,Dane Iorg,L,72,180,0.276,14,0.024866785079929,0.841463414634146
609,Richie Hebner,L,73,195,0.276,203,0.36056838365897,0.841463414634146
610,Fran Healy,R,77,220,0.25,20,0.0355239786856128,0.76219512195122
611,Doc Edwards,R,74,215,0.238,15,0.0266429840142096,0.725609756097561
612,Sandy Alomar,B,69,140,0.245,13,0.0230905861456483,0.746951219512195
613,Joe Strain,R,70,169,0.25,1,0.00177619893428064,0.76219512195122
614,Gene Richards,L,72,175,0.29,26,0.0461811722912966,0.884146341463415
615,Buddy Bell,R,73,180,0.279,201,0.357015985790409,0.850609756097561
616,Al Woods,L,75,190,0.271,35,0.0621669626998224,0.826219512195122
617,Rudy Law,L,73,165,0.271,18,0.0319715808170515,0.826219512195122
618,Joel Davis,L,77,205,0,0,0,0
619,Jody Davis,R,76,192,0.245,127,0.225577264653641,0.746951219512195
620,Mike Edwards,R,70,154,0.25,2,0.00355239786856128,0.76219512195122
621,Bill Mooneyham,R,72,175,0,0,0,0
622,John Hobbs,R,75,190,0,0,0,0
623,Deron Johnson,R,74,200,0.244,245,0.435168738898757,0.74390243902439
624,John Denny,R,75,185,0.17,0,0,0.518292682926829
625,Don Wert,R,70,162,0.242,77,0.136767317939609,0.73780487804878
626,Mike Fiore,L,72,175,0.227,13,0.0230905861456483,0.692073170731707
627,Miguel Dilone,B,72,160,0.265,6,0.0106571936056838,0.807926829268293
628,Greg Luzinski,R,73,220,0.276,307,0.545293072824156,0.841463414634146
629,Bobby Tolan,L,71,170,0.265,86,0.152753108348135,0.807926829268293
630,Karl Best,R,76,190,0,0,0,0
631,Steve Barr,L,76,200,0,0,0,0
632,Ron Woods,R,70,168,0.233,26,0.0461811722912966,0.710365853658537
633,Tony Horton,R,75,210,0.268,76,0.134991119005329,0.817073170731707
634,Randy Hundley,R,71,170,0.236,82,0.145648312611012,0.719512195121951
635,Jose Tartabull,L,71,165,0.261,2,0.00355239786856128,0.795731707317073
636,Ben Oglivie,L,74,160,0.273,235,0.41740674955595,0.832317073170732
637,Luis Sanchez,R,74,170,0,0,0,0
638,Bob Johnson,R,70,175,0.272,44,0.0781527531083481,0.829268292682927
639,Don Buford,B,67,160,0.264,93,0.165186500888099,0.804878048780488
640,Duane Kuiper,L,72,175,0.271,1,0.00177619893428064,0.826219512195122
641,Brant Alyea,R,75,215,0.247,38,0.0674955595026643,0.753048780487805
642,Jerry Narron,L,75,205,0.211,21,0.0373001776198934,0.643292682926829
643,Lou Johnson,R,71,170,0.258,48,0.0852575488454707,0.786585365853659
644,Ken Retzer,L,72,185,0.264,14,0.024866785079929,0.804878048780488
645,Mike Brown,R,74,195,0.265,23,0.0408525754884547,0.807926829268293
646,Mike Brown,R,74,195,0,0,0,0
647,Greg Walker,L,75,205,0.26,113,0.200710479573712,0.792682926829268
648,Terry Harper,R,76,195,0.253,36,0.063943161634103,0.771341463414634
649,Jerry Royster,R,72,165,0.249,40,0.0710479573712256,0.759146341463415
650,Steve Davis,L,73,195,0,0,0,0
651,Jeff Rineer,L,76,205,0,0,0,0
652,Barry Bonnell,R,75,190,0.272,56,0.0994671403197158,0.829268292682927
653,Tom Seaver,R,73,195,0.154,12,0.0213143872113677,0.469512195121951
654,Jerry Martin,R,73,195,0.251,85,0.150976909413854,0.765243902439024
655,Bill Stein,R,70,170,0.267,44,0.0781527531083481,0.814024390243902
656,Joel Youngblood,R,72,180,0.265,80,0.142095914742451,0.807926829268293
657,Reggie Jackson,L,72,195,0.262,563,1,0.798780487804878
658,Sonny Jackson,L,69,150,0.251,7,0.0124333925399645,0.765243902439024
659,Mark Mercer,L,77,220,0,0,0,0
660,Rodney Scott,B,72,160,0.236,3,0.00532859680284192,0.719512195121951
661,Rich Coggins,L,68,170,0.265,12,0.0213143872113677,0.807926829268293
662,Phil Gagliano,R,73,180,0.238,14,0.024866785079929,0.725609756097561
663,Jerry McNertney,R,72,180,0.237,27,0.0479573712255773,0.722560975609756
664,Mitchell Page,L,74,205,0.266,72,0.127886323268206,0.810975609756098
665,Kiko Garcia,R,71,180,0.239,12,0.0213143872113677,0.728658536585366
666,Larry Milbourne,B,72,161,0.254,11,0.019538188277087,0.774390243902439
667,Bill Sudakis,B,73,190,0.234,59,0.104795737122558,0.713414634146341
668,John Caneira,R,75,180,0,0,0,0
669,Domingo Ramos,R,70,154,0.24,8,0.0142095914742451,0.731707317073171
670,Ron Oester,B,74,185,0.265,42,0.0746003552397869,0.807926829268293
671,Glenn Adams,L,73,180,0.28,34,0.0603907637655417,0.853658536585366
672,Clint Zavaras,R,73,175,0,0,0,0
673,Joe Morgan,L,67,160,0.271,268,0.476021314387211,0.826219512195122
674,R.J. Reynolds,B,72,190,0.267,35,0.0621669626998224,0.814024390243902
675,Mike Parrott,R,76,210,0,0,0,0
676,Lee Thomas,L,74,195,0.255,106,0.188277087033748,0.777439024390244
677,Ray Fosse,R,74,215,0.256,61,0.108348134991119,0.780487804878049
678,Paul Popovich,B,72,175,0.233,14,0.024866785079929,0.710365853658537
679,John Stephenson,L,71,180,0.216,12,0.0213143872113677,0.658536585365854
680,Doug Clemens,L,72,180,0.229,12,0.0213143872113677,0.698170731707317
681,Luis Aponte,R,72,185,0,0,0,0
682,Orlando Mercado,R,72,180,0.199,7,0.0124333925399645,0.606707317073171
683,Charley Smith,R,73,170,0.239,69,0.122557726465364,0.728658536585366
684,Paul Boris,R,74,200,0,0,0,0
685,Buddy Biancalana,B,71,160,0.205,6,0.0106571936056838,0.625
686,De Wayne Buice,R,72,170,0,0,0,0
687,Bob Uecker,R,73,190,0.2,14,0.024866785079929,0.609756097560976
688,Felix Torres,R,71,165,0.254,27,0.0479573712255773,0.774390243902439
689,Steve Braun,L,70,180,0.271,52,0.0923623445825933,0.826219512195122
690,Ray Knight,R,73,185,0.271,84,0.149200710479574,0.826219512195122
691,Ty Cline,L,72,170,0.238,6,0.0106571936056838,0.725609756097561
692,Thad Bosley,L,75,175,0.272,20,0.0355239786856128,0.829268292682927
693,Bobby Grich,R,74,180,0.266,224,0.397868561278863,0.810975609756098
694,Jimmie Hall,L,72,175,0.254,121,0.214920071047957,0.774390243902439
695,John Boccabella,R,73,195,0.219,26,0.0461811722912966,0.667682926829268
696,Brock Davis,L,70,160,0.26,1,0.00177619893428064,0.792682926829268
697,Mark Esser,R,73,190,0,0,0,0
698,Curt Blefary,L,74,195,0.237,112,0.198934280639432,0.722560975609756
699,Daryl Smith,R,76,185,0,0,0,0
700,Dave Smith,R,73,190,0,0,0,0
701,Mack Jones,L,73,180,0.252,133,0.236234458259325,0.768292682926829
702,Buddy Bradford,R,71,170,0.226,52,0.0923623445825933,0.689024390243902
703,Hosken Powell,L,73,175,0.259,17,0.0301953818827709,0.789634146341463
704,Dave Stapleton,L,73,185,0,0,0,0
705,Dave Stapleton,R,73,178,0.271,41,0.0728241563055062,0.826219512195122
706,Gary Ward,R,74,195,0.276,130,0.230905861456483,0.841463414634146
707,Jim Lonborg,R,77,200,0.136,3,0.00532859680284192,0.414634146341463
708,Joe Lis,R,72,175,0.233,32,0.0568383658969805,0.710365853658537
709,Dan Meyer,L,71,180,0.253,86,0.152753108348135,0.771341463414634
710,Jim Holt,L,72,180,0.265,19,0.0337477797513321,0.807926829268293
711,Tom Klawitter,R,74,190,0,0,0,0
712,Larry Herndon,R,75,190,0.274,107,0.190053285968028,0.835365853658537
713,Gary Christenson,L,77,200,0,0,0,0
714,Jim Wright,R,77,205,0,0,0,0
715,Jim Wright,R,73,165,0,0,0,0
716,Wallace Johnson,B,72,173,0.255,5,0.0088809946714032,0.777439024390244
717,Mike Kinnunen,L,73,185,0,0,0,0
718,Eddie Leon,R,72,170,0.236,24,0.0426287744227353,0.719512195121951
719,Dave Rajsich,L,77,175,0,0,0,0
720,Jim Wohlford,R,71,175,0.26,21,0.0373001776198934,0.792682926829268
721,J.R. Richard,R,80,222,0.168,10,0.0177619893428064,0.51219512195122
722,Bill Voss,L,74,160,0.227,19,0.0337477797513321,0.692073170731707
723,Keith Moreland,R,72,190,0.279,121,0.214920071047957,0.850609756097561
724,Ramon Pena,R,70,155,0,0,0,0
725,Alex Johnson,R,72,205,0.288,78,0.13854351687389,0.878048780487805
726,Wayne Krenchicki,L,73,180,0.266,15,0.0266429840142096,0.810975609756098
727,Chico Escarrega,R,71,185,0,0,0,0
728,Dave Rosello,R,71,160,0.236,10,0.0177619893428064,0.719512195121951
729,Cardell Camper,R,75,208,0,0,0,0
730,Paul Schaal,R,71,165,0.244,57,0.101243339253996,0.74390243902439
731,Tito Landrum,R,71,175,0.249,13,0.0230905861456483,0.759146341463415
732,Dave Edwards,R,72,170,0.237,14,0.024866785079929,0.722560975609756
733,Mario Guerrero,R,70,155,0.257,7,0.0124333925399645,0.783536585365854
734,Tom Tresh,B,73,180,0.245,153,0.271758436944938,0.746951219512195
735,Mike Overy,R,74,190,0,0,0,0
736,Ron Roenicke,B,72,180,0.238,17,0.0301953818827709,0.725609756097561
737,Doug Griffin,R,72,160,0.245,7,0.0124333925399645,0.746951219512195
738,Steve Blass,R,72,165,0.172,1,0.00177619893428064,0.524390243902439
739,Johnnie LeMaster,R,74,165,0.222,22,0.0390763765541741,0.676829268292683
740,Craig Chamberlain,R,73,190,0,0,0,0
741,Nate Oliver,R,70,160,0.226,2,0.00355239786856128,0.689024390243902
742,Ray Sadecki,L,71,180,0.191,5,0.0088809946714032,0.582317073170732
743,Ken Rudolph,R,73,180,0.213,6,0.0106571936056838,0.649390243902439
744,Wayne Nordhagen,R,74,205,0.282,39,0.0692717584369449,0.859756097560975
745,Biff Pocoroba,B,70,175,0.257,21,0.0373001776198934,0.783536585365854
746,Len Matuszek,L,74,190,0.234,30,0.0532859680284192,0.713414634146341
747,Frank Eufemia,R,71,185,0,0,0,0
748,Joe Lefebvre,L,70,170,0.258,31,0.0550621669626998,0.786585365853659
749,Jim Maloney,L,74,190,0.201,7,0.0124333925399645,0.61280487804878
750,Andre Robertson,R,70,155,0.251,5,0.0088809946714032,0.765243902439024
751,Jerry Zimmerman,R,74,185,0.204,3,0.00532859680284192,0.621951219512195
752,Jack Lazorko,R,71,200,0,0,0,0
753,Mike Paxton,R,71,190,0,0,0,0
754,Chet Lemon,R,72,190,0.273,215,0.381882770870337,0.832317073170732
755,Rickey Keeton,R,74,190,0,0,0,0
756,Phil Mankowski,L,72,180,0.264,8,0.0142095914742451,0.804878048780488
757,Cleon Jones,R,72,185,0.281,93,0.165186500888099,0.856707317073171
758,Joaquin Andujar,B,72,170,0.127,5,0.0088809946714032,0.38719512195122
759,Mike Lum,L,72,180,0.247,90,0.159857904085258,0.753048780487805
760,Johnny Grubb,L,75,175,0.278,99,0.175843694493783,0.847560975609756
761,Curt Motton,R,68,164,0.213,25,0.044404973357016,0.649390243902439
762,Johnny Bench,R,73,197,0.267,389,0.690941385435169,0.814024390243902
763,Dale Berra,R,72,180,0.236,49,0.0870337477797513,0.719512195121951
764,Terry Felton,R,73,180,0,0,0,0
765,Bob Meacham,B,73,175,0.236,8,0.0142095914742451,0.719512195121951
766,Mark Clear,R,76,200,0,0,0,0
767,Carl Warwick,R,70,170,0.248,31,0.0550621669626998,0.75609756097561
768,Sam Bowens,R,73,188,0.223,45,0.0799289520426288,0.679878048780488
769,George Wright,B,71,180,0.245,42,0.0746003552397869,0.746951219512195
770,Luis Aguayo,R,69,173,0.236,37,0.0657193605683837,0.719512195121951
771,Hal Lanier,R,74,180,0.228,8,0.0142095914742451,0.695121951219512
772,Mike Pazik,L,74,195,0,0,0,0
773,Len Randle,B,70,169,0.257,27,0.0479573712255773,0.783536585365854
774,Greg Pryor,R,72,180,0.25,14,0.024866785079929,0.76219512195122
775,Jim Traber,L,72,194,0.227,27,0.0479573712255773,0.692073170731707
776,Dave Nelson,R,70,160,0.244,20,0.0355239786856128,0.74390243902439
777,Lynn Jones,R,69,175,0.252,7,0.0124333925399645,0.768292682926829
778,Bryan Little,B,70,160,0.245,3,0.00532859680284192,0.746951219512195
779,Ken Suarez,R,69,175,0.227,5,0.0088809946714032,0.692073170731707
780,Rick Peters,B,69,170,0.277,2,0.00355239786856128,0.844512195121951
781,Ron Stone,L,74,185,0.241,6,0.0106571936056838,0.734756097560976
782,Rich Barnes,R,76,186,0,0,0,0
783,Tommie Agee,R,71,195,0.255,130,0.230905861456483,0.777439024390244
784,Bob Bailey,R,73,180,0.257,189,0.335701598579041,0.783536585365854
785,Cap Peterson,R,74,195,0.23,19,0.0337477797513321,0.701219512195122
786,Ted Uhlaender,L,74,190,0.263,36,0.063943161634103,0.801829268292683
787,Ted Simmons,B,71,193,0.285,248,0.440497335701599,0.86890243902439
788,Bobby Murcer,L,71,160,0.277,252,0.447602131438721,0.844512195121951
789,Dick Tracewski,R,71,160,0.213,8,0.0142095914742451,0.649390243902439
790,Dave Frost,R,78,235,0,0,0,0
791,Mark Souza,L,72,180,0,0,0,0
792,Bill Nahorodny,R,74,200,0.241,25,0.044404973357016,0.734756097560976
793,Bill Madlock,R,71,180,0.305,163,0.289520426287744,0.929878048780488
794,Bob Boone,R,74,195,0.254,105,0.186500888099467,0.774390243902439
795,Rick Jones,L,77,190,0,0,0,0
796,Steve Kemp,L,72,195,0.278,130,0.230905861456483,0.847560975609756
797,Rick Burleson,R,70,165,0.273,50,0.088809946714032,0.832317073170732
798,Jim Dorsey,R,79,190,0,0,0,0
799,Mark Ciardi,R,72,180,0,0,0,0
800,Dennis Burtt,R,72,180,0,0,0,0
801,Carl Taylor,R,74,200,0.266,10,0.0177619893428064,0.810975609756098
802,Terry Harmon,R,74,180,0.233,4,0.00710479573712256,0.710365853658537
803,Mike Hargrove,L,72,195,0.29,80,0.142095914742451,0.884146341463415
804,Rich Yett,R,74,187,0,0,0,0
805,Steve Hovley,L,70,188,0.258,8,0.0142095914742451,0.786585365853659
806,Don Leppert,R,74,220,0.229,15,0.0266429840142096,0.698170731707317
807,Matt Williams,R,73,200,0,0,0,0
808,Jim Burton,R,75,195,0,0,0,0
809,Rick Anderson,R,74,210,0,0,0,0
810,Charlie Mitchell,R,75,170,0,0,0,0
811,Bill Paschall,R,72,175,0,0,0,0
812,John Bohnet,B,72,175,0,0,0,0
813,Byron McLaughlin,R,73,175,0,0,0,0
814,Lee May,R,75,195,0.267,354,0.628774422735346,0.814024390243902
815,Luis Quintana,L,74,175,0,0,0,0
816,Sam McDowell,L,77,190,0.154,2,0.00355239786856128,0.469512195121951
817,Rick Renick,R,72,188,0.221,20,0.0355239786856128,0.673780487804878
818,Jeff Torborg,R,72,195,0.214,8,0.0142095914742451,0.652439024390244
819,Dave Campbell,R,73,180,0.213,20,0.0355239786856128,0.649390243902439
820,Pat Kelly,L,73,185,0.264,76,0.134991119005329,0.804878048780488
821,Al Weis,B,72,160,0.219,7,0.0124333925399645,0.667682926829268
822,Jerry Turner,L,69,180,0.257,45,0.0799289520426288,0.783536585365854
823,Rick Auerbach,R,72,165,0.22,9,0.0159857904085258,0.670731707317073
824,Keith Macwhorter,R,76,190,0,0,0,0
825,Don Wilson,R,74,195,0.146,1,0.00177619893428064,0.445121951219512
826,Jaime Cocanower,R,76,200,0,0,0,0
827,Jeff Sellers,R,73,175,0,0,0,0
828,Sandy Valdespino,L,68,170,0.23,7,0.0124333925399645,0.701219512195122
829,Steve Senteney,R,74,205,0,0,0,0
830,Howard Bailey,R,72,195,0,0,0,0
831,Jeff Bettendorf,R,75,180,0,0,0,0
832,Ken Phelps,L,73,209,0.239,123,0.218472468916519,0.728658536585366
833,Cesar Cedeno,R,74,175,0.285,199,0.353463587921847,0.86890243902439
834,Bob Davidson,R,72,185,0,0,0,0
835,Phil Linz,R,73,180,0.235,11,0.019538188277087,0.716463414634146
836,Manny Mota,R,70,160,0.304,31,0.0550621669626998,0.926829268292683
837,Brian Snyder,L,75,185,0,0,0,0
838,Steve Renko,R,77,230,0.215,6,0.0106571936056838,0.655487804878049
839,Rick Sofield,L,73,195,0.243,9,0.0159857904085258,0.740853658536585
840,Carlos Velazquez,R,71,180,0,0,0,0
841,Roger Miller,R,75,200,0,0,0,0
842,Doug DeCinces,R,74,190,0.259,237,0.420959147424512,0.789634146341463
843,John Castino,R,71,175,0.278,41,0.0728241563055062,0.847560975609756
844,Dave May,L,70,186,0.251,96,0.170515097690941,0.765243902439024
845,Ron Washington,R,71,155,0.261,20,0.0355239786856128,0.795731707317073
846,Billy Grabarkewitz,R,70,165,0.236,28,0.0497335701598579,0.719512195121951
847,Willie Aikens,L,75,220,0.271,110,0.19538188277087,0.826219512195122
848,Earl Williams,R,75,215,0.247,138,0.245115452930728,0.753048780487805
849,Willie Mueller,R,76,220,0,0,0,0
850,John Flinn,R,72,175,0,0,0,0
851,Don Hahn,R,73,180,0.236,7,0.0124333925399645,0.719512195121951
852,Todd Cruz,R,72,175,0.22,34,0.0603907637655417,0.670731707317073
853,Tom Egan,R,76,218,0.2,22,0.0390763765541741,0.609756097560976
854,Bob Heise,R,72,175,0.247,1,0.00177619893428064,0.753048780487805
855,Tommy Harper,R,69,165,0.257,146,0.259325044404973,0.783536585365854
856,Joe Wallis,B,71,180,0.244,16,0.0284191829484902,0.74390243902439
857,Max Alvis,R,71,185,0.247,111,0.197158081705151,0.753048780487805
858,Rico Carty,R,75,200,0.299,204,0.36234458259325,0.911585365853658
859,Mike Cubbage,L,72,180,0.258,34,0.0603907637655417,0.786585365853659
860,Les Straker,R,73,193,0,0,0,0
861,Merritt Ranew,L,71,170,0.247,8,0.0142095914742451,0.753048780487805
862,Lyman Bostock,L,73,180,0.311,23,0.0408525754884547,0.948170731707317
863,Damaso Garcia,R,73,165,0.283,36,0.063943161634103,0.86280487804878
864,Don Kainer,R,75,205,0,0,0,0
865,Don Gordon,R,73,175,0,0,0,0
866,Roy Howell,L,73,190,0.261,80,0.142095914742451,0.795731707317073
867,Boog Powell,L,76,230,0.266,339,0.602131438721137,0.810975609756098
868,Sandy Wihtol,R,73,195,0,0,0,0
869,Sonny Siebert,R,75,190,0.173,12,0.0213143872113677,0.527439024390244
870,Jeff Richardson,R,75,185,0,0,0,0
871,Bobby Darwin,R,74,190,0.251,83,0.147424511545293,0.765243902439024
872,Dennis DeBarr,L,74,190,0,0,0,0
873,Dan Driessen,L,71,187,0.267,153,0.271758436944938,0.814024390243902
874,Bruce Miller,R,73,185,0.246,1,0.00177619893428064,0.75
875,Bob Bailor,R,71,170,0.264,9,0.0159857904085258,0.804878048780488
876,Tommy Helms,R,70,165,0.269,34,0.0603907637655417,0.820121951219512
877,Tony Armas,R,71,182,0.252,251,0.44582593250444,0.768292682926829
878,Willie Horton,R,71,209,0.273,325,0.577264653641208,0.832317073170732
879,Lou Piniella,R,72,182,0.291,102,0.181172291296625,0.887195121951219
880,Butch Hobson,R,73,193,0.248,98,0.174067495559503,0.75609756097561
881,John Wathan,R,74,205,0.262,21,0.0373001776198934,0.798780487804878
882,Hal King,L,73,200,0.214,24,0.0426287744227353,0.652439024390244
883,Mike Krukow,R,77,205,0.193,5,0.0088809946714032,0.588414634146341
884,Andres Mora,R,72,180,0.223,27,0.0479573712255773,0.679878048780488
885,Barry Foote,R,75,205,0.23,57,0.101243339253996,0.701219512195122
886,Ed Ott,L,70,190,0.259,33,0.0586145648312611,0.789634146341463
887,Alan Wiggins,B,74,160,0.259,5,0.0088809946714032,0.789634146341463
888,Ron Clark,R,70,175,0.189,5,0.0088809946714032,0.576219512195122
889,Jay Pettibone,R,76,182,0,0,0,0
890,Glen Cook,R,71,180,0,0,0,0
891,Julio Gotay,R,72,180,0.26,6,0.0106571936056838,0.792682926829268
892,Gary Alexander,R,74,195,0.23,55,0.0976909413854352,0.701219512195122
893,Andre Thornton,R,75,200,0.254,253,0.449378330373002,0.774390243902439
894,Bob Oliver,R,75,205,0.256,94,0.16696269982238,0.780487804878049
895,Bill Castro,R,71,170,0,0,0,0
896,Ed Hodge,L,74,192,0,0,0,0
897,Tom Buskey,R,75,200,0,0,0,0
898,Bruce Taylor,R,72,178,0,0,0,0
899,Stan Thomas,R,74,185,0,0,0,0
900,Bob Robertson,R,73,195,0.242,115,0.204262877442274,0.73780487804878
901,Larry Monroe,R,76,200,0,0,0,0
902,Roger Slagle,R,75,190,0,0,0,0
903,Ollie Brown,R,74,178,0.265,102,0.181172291296625,0.807926829268293
904,Jim Campbell,L,71,175,0,0,0,0
905,Frank Quilici,R,73,170,0.214,5,0.0088809946714032,0.652439024390244
906,Curt Kaufman,R,74,175,0,0,0,0
907,Joe Pepitone,L,74,185,0.258,219,0.38898756660746,0.786585365853659
908,Steve Barber,L,72,195,0.115,5,0.0088809946714032,0.350609756097561
909,De Wayne Vaughn,R,71,180,0,0,0,0
910,Norm Miller,L,70,185,0.238,24,0.0426287744227353,0.725609756097561
911,Bob Galasso,L,73,205,0,0,0,0
912,Rich Wortham,R,72,185,0,0,0,0
913,Bob Chance,L,74,196,0.261,24,0.0426287744227353,0.795731707317073
914,Julio Cruz,B,69,165,0.237,23,0.0408525754884547,0.722560975609756
915,Bill Sample,R,69,175,0.272,46,0.0817051509769094,0.829268292682927
916,Juan Nieves,L,75,175,0,0,0,0
917,Mike Bacsik,R,74,180,0,0,0,0
918,Craig Kusick,R,75,210,0.235,46,0.0817051509769094,0.716463414634146
919,Rudy Meoli,L,69,165,0.212,2,0.00355239786856128,0.646341463414634
920,Ruppert Jones,L,70,170,0.25,147,0.261101243339254,0.76219512195122
921,Glenn Hoffman,R,73,175,0.242,23,0.0408525754884547,0.73780487804878
922,Russ Gibson,R,73,195,0.228,8,0.0142095914742451,0.695121951219512
923,Phil Huffman,R,74,180,0,0,0,0
924,Terry Francona,L,73,190,0.274,16,0.0284191829484902,0.835365853658537
925,John Bateman,R,75,210,0.23,81,0.143872113676732,0.701219512195122
926,Luis Pujols,R,74,175,0.193,6,0.0106571936056838,0.588414634146341
927,Joe Gaines,R,73,190,0.241,21,0.0373001776198934,0.734756097560976
928,Doug Rader,R,74,208,0.251,155,0.275310834813499,0.765243902439024
929,Mickey Stanley,R,73,185,0.248,117,0.207815275310835,0.75609756097561
930,Steve Brown,R,77,200,0,0,0,0
931,Rick Lysander,R,74,190,0,0,0,0
932,Phil Bradley,R,72,185,0.286,78,0.13854351687389,0.871951219512195
933,Winston Llenas,R,70,165,0.23,3,0.00532859680284192,0.701219512195122
934,Charlie Moore,R,71,180,0.261,36,0.063943161634103,0.795731707317073
935,Ralph Garr,L,71,185,0.306,75,0.133214920071048,0.932926829268293
936,Tommy John,R,75,180,0.157,5,0.0088809946714032,0.478658536585366
937,Bruce Benedict,R,73,175,0.242,18,0.0319715808170515,0.73780487804878
938,John Ellis,R,74,225,0.262,69,0.122557726465364,0.798780487804878
939,Wes Parker,B,73,180,0.267,64,0.113676731793961,0.814024390243902
940,Mel Stottlemyre,R,72,190,0,0,0,0
941,David Green,R,75,170,0.268,31,0.0550621669626998,0.817073170731707
942,Reid Nichols,R,71,165,0.266,22,0.0390763765541741,0.810975609756098
943,Rick Reichardt,R,75,210,0.261,116,0.206039076376554,0.795731707317073
944,Luis Tiant,R,72,180,0.164,5,0.0088809946714032,0.5
945,Alex Sanchez,R,74,185,0,0,0,0
946,Broderick Perkins,L,70,180,0.271,8,0.0142095914742451,0.826219512195122
947,Leon Roberts,R,75,200,0.267,78,0.13854351687389,0.814024390243902
948,Ray Burris,R,77,200,0.151,1,0.00177619893428064,0.460365853658537
949,Len Gabrielson,L,76,210,0.253,37,0.0657193605683837,0.771341463414634
950,Johnny Edwards,L,76,220,0.242,81,0.143872113676732,0.73780487804878
951,Paul Wilmet,R,71,170,0,0,0,0
952,Tom Grieve,R,74,190,0.249,65,0.115452930728242,0.759146341463415
953,Bruce Ellingsen,L,72,180,0,0,0,0
954,Bob Forsch,R,76,200,0.213,12,0.0213143872113677,0.649390243902439
955,Gorman Heimueller,L,76,195,0,0,0,0
956,Danny Cater,R,72,170,0.276,66,0.117229129662522,0.841463414634146
957,Bill Schroeder,R,74,200,0.24,61,0.108348134991119,0.731707317073171
958,Clay Dalrymple,L,72,190,0.233,55,0.0976909413854352,0.710365853658537
959,Carlos May,L,71,200,0.274,90,0.159857904085258,0.835365853658537
960,Reggie Smith,B,72,180,0.287,314,0.557726465364121,0.875
961,Ron Reed,R,78,215,0.158,0,0,0.481707317073171
962,Fred Howard,R,75,190,0,0,0,0
963,Davey Johnson,R,73,170,0.261,136,0.241563055062167,0.795731707317073
964,Ellis Valentine,R,76,205,0.278,123,0.218472468916519,0.847560975609756
965,Roy White,B,70,160,0.271,160,0.284191829484902,0.826219512195122
966,Mike Brumley,L,70,195,0.229,5,0.0088809946714032,0.698170731707317
967,Al Luplow,L,70,175,0.235,33,0.0586145648312611,0.716463414634146
968,John Hoover,R,74,190,0,0,0,0
969,Dick Allen,R,71,187,0.292,351,0.623445825932504,0.890243902439024
970,Doug Ault,R,75,200,0.236,17,0.0301953818827709,0.719512195121951
971,Mark Wagner,R,72,165,0.243,3,0.00532859680284192,0.740853658536585
972,Mike Walters,R,77,203,0,0,0,0
973,Willie Stargell,L,74,188,0.282,475,0.843694493783304,0.859756097560975
974,Steve Carlton,L,76,210,0.201,13,0.0230905861456483,0.61280487804878
975,Jake Wood,R,73,163,0.25,35,0.0621669626998224,0.76219512195122
976,Del Unser,L,73,180,0.258,87,0.154529307282416,0.786585365853659
977,Bob Brower,R,71,185,0.242,17,0.0301953818827709,0.73780487804878
978,Ray Culp,R,72,200,0.123,1,0.00177619893428064,0.375
979,Ivan Murrell,R,74,195,0.236,33,0.0586145648312611,0.719512195121951
980,Lee Mazzilli,B,73,180,0.259,93,0.165186500888099,0.789634146341463
981,Garth Iorg,R,71,170,0.258,20,0.0355239786856128,0.786585365853659
982,Alan Ashby,B,74,185,0.245,90,0.159857904085258,0.746951219512195
983,Bob Brenly,R,74,210,0.247,91,0.161634103019538,0.753048780487805
984,Ron Blomberg,L,73,195,0.293,52,0.0923623445825933,0.893292682926829
985,Jim Rooker,R,72,195,0.201,7,0.0124333925399645,0.61280487804878
986,Tim Blackwell,B,71,170,0.228,6,0.0106571936056838,0.695121951219512
987,Colby Ward,R,74,185,0,0,0,0
988,Jerry Morales,R,70,155,0.259,95,0.168738898756661,0.789634146341463
989,Davey Lopes,R,69,170,0.263,155,0.275310834813499,0.801829268292683
990,Catfish Hunter,R,72,190,0.226,6,0.0106571936056838,0.689024390243902
991,Mario Soto,R,72,174,0.132,1,0.00177619893428064,0.402439024390244
992,Jimmy Wynn,R,70,160,0.25,291,0.516873889875666,0.76219512195122
993,Hank Allen,R,72,190,0.241,6,0.0106571936056838,0.734756097560976
994,Jim Fregosi,R,73,190,0.265,151,0.268206039076377,0.807926829268293
995,Pepe Frias,R,70,159,0.24,1,0.00177619893428064,0.731707317073171
996,Mike Schmidt,R,74,195,0.267,548,0.97335701598579,0.814024390243902
997,Willie Montanez,L,72,170,0.275,139,0.246891651865009,0.838414634146342
998,Rey Quinones,R,71,160,0.243,29,0.0515097690941385,0.740853658536585
999,Mike Squires,L,71,185,0.26,6,0.0106571936056838,0.792682926829268
1000,Champ Summers,L,74,205,0.255,54,0.0959147424511545,0.777439024390244
1001,Chuck Porter,R,75,187,0,0,0,0
1002,Bert Campaneris,R,70,160,0.259,79,0.140319715808171,0.789634146341463
1003,Bobby Valentine,R,70,189,0.26,12,0.0213143872113677,0.792682926829268
1004,Rob Andrews,R,72,185,0.251,3,0.00532859680284192,0.765243902439024
1005,Tom Haller,L,76,195,0.257,134,0.238010657193606,0.783536585365854
1006,Tom Dozier,R,74,190,0,0,0,0
1007,Ed Stroud,L,71,180,0.237,14,0.024866785079929,0.722560975609756
1008,Ron Swoboda,R,74,195,0.242,73,0.129662522202487,0.73780487804878
1009,Harry Spilman,L,73,180,0.237,18,0.0319715808170515,0.722560975609756
1010,Bob Barton,R,72,175,0.226,9,0.0159857904085258,0.689024390243902
1011,Daryl Sconiers,L,74,185,0.265,15,0.0266429840142096,0.807926829268293
1012,Joe Torre,R,74,212,0.297,252,0.447602131438721,0.905487804878049
1013,Al Ferrara,R,73,200,0.259,51,0.0905861456483126,0.789634146341463
1014,Rick Steirer,R,76,200,0,0,0,0
1015,Sixto Lezcano,R,70,165,0.271,148,0.262877442273535,0.826219512195122
1016,Al Lachowicz,R,75,198,0,0,0,0
1017,Dave Nicholson,R,74,215,0.212,61,0.108348134991119,0.646341463414634
1018,Freddie Patek,R,65,148,0.242,41,0.0728241563055062,0.73780487804878
1019,Ken Hubbs,R,74,175,0.247,14,0.024866785079929,0.753048780487805
1020,Pepe Mangual,R,70,157,0.242,16,0.0284191829484902,0.73780487804878
1021,Leron Lee,L,72,196,0.25,31,0.0550621669626998,0.76219512195122
1022,Tom McCarthy,R,72,180,0,0,0,0
1023,Steve Ontiveros,B,72,185,0.274,24,0.0426287744227353,0.835365853658537
1024,Willie Davis,L,74,180,0.279,182,0.323268206039076,0.850609756097561
1025,Tom Lawless,R,71,170,0.207,2,0.00355239786856128,0.63109756097561
1026,Jerry Moses,R,75,210,0.251,25,0.044404973357016,0.765243902439024
1027,Bobby Bonds,R,73,190,0.268,332,0.589698046181172,0.817073170731707
1028,Dave McNally,R,71,185,0.133,9,0.0159857904085258,0.405487804878049
1029,Darrell Brown,B,72,184,0.274,1,0.00177619893428064,0.835365853658537
1030,Roy Foster,R,72,185,0.253,45,0.0799289520426288,0.771341463414634
1031,Denis Menke,R,72,185,0.25,101,0.179396092362345,0.76219512195122
1032,Hal Breeden,R,74,200,0.243,21,0.0373001776198934,0.740853658536585
1033,Manny Trillo,R,73,150,0.263,61,0.108348134991119,0.801829268292683
1034,Jackie Gutierrez,R,71,175,0.237,4,0.00710479573712256,0.722560975609756
1035,Jerry Kenney,L,73,170,0.237,7,0.0124333925399645,0.722560975609756
1036,Fred Kendall,R,73,185,0.234,31,0.0550621669626998,0.713414634146341
1037,Mike Anderson,R,74,200,0.246,28,0.0497335701598579,0.75
1038,Jim Lewis,R,75,190,0,0,0,0
1039,Joe Charboneau,R,74,205,0.266,29,0.0515097690941385,0.810975609756098
1040,Jimmie Schaffer,R,69,170,0.223,11,0.019538188277087,0.679878048780488
1041,Junior Kennedy,R,71,175,0.248,4,0.00710479573712256,0.75609756097561
1042,Wilbur Howard,B,74,170,0.25,6,0.0106571936056838,0.76219512195122
1043,Rod Gilbreath,R,74,180,0.248,14,0.024866785079929,0.75609756097561
1044,Mark Brouhard,R,73,210,0.259,25,0.044404973357016,0.789634146341463
1045,Dan Morogiello,L,73,200,0,0,0,0
1046,Mike Young,B,74,195,0.247,72,0.127886323268206,0.753048780487805
1047,Chris Speier,R,73,175,0.246,112,0.198934280639432,0.75
1048,Gene Michael,B,74,183,0.229,15,0.0266429840142096,0.698170731707317
1049,Vic Harris,B,71,165,0.217,13,0.0230905861456483,0.661585365853658
1050,Mike Fischlin,R,73,165,0.22,3,0.00532859680284192,0.670731707317073
1051,Don Money,R,73,170,0.261,176,0.312611012433393,0.795731707317073
1052,Joe Rudi,R,74,200,0.264,179,0.317939609236234,0.804878048780488
1053,Jim Rice,R,74,200,0.298,382,0.678507992895204,0.908536585365854
1054,Shawn Holman,R,74,185,0,0,0,0
1055,Alan Wirth,R,76,190,0,0,0,0
1056,Gil Garrido,R,69,150,0.237,1,0.00177619893428064,0.722560975609756
1057,Marty Perez,R,71,160,0.246,22,0.0390763765541741,0.75
1058,Tom Matchick,L,73,173,0.215,4,0.00710479573712256,0.655487804878049
1059,Jack Perconte,L,70,160,0.27,2,0.00355239786856128,0.823170731707317
1060,Ed Kirkpatrick,L,71,195,0.238,85,0.150976909413854,0.725609756097561
1061,Jerry Grote,R,70,185,0.252,39,0.0692717584369449,0.768292682926829
1062,Ellie Hendricks,L,73,175,0.22,62,0.1101243339254,0.670731707317073
1063,Jim Beauchamp,R,74,190,0.231,14,0.024866785079929,0.704268292682927
1064,Terry Wilshusen,R,74,210,0,0,0,0
1065,Tito Fuentes,B,71,175,0.268,45,0.0799289520426288,0.817073170731707
1066,Ron Brand,R,67,167,0.239,3,0.00532859680284192,0.728658536585366
1067,Leo Cardenas,R,71,150,0.257,118,0.209591474245115,0.783536585365854
1068,Art Shamsky,L,73,168,0.253,68,0.120781527531083,0.771341463414634
1069,Steve Ellsworth,R,80,220,0,0,0,0
1070,Ron Cey,R,70,185,0.261,316,0.561278863232682,0.795731707317073
1071,Skip Jutze,R,71,190,0.215,3,0.00532859680284192,0.655487804878049
1072,Butch Wynegar,B,73,190,0.255,65,0.115452930728242,0.777439024390244
1073,Ron LeFlore,R,72,200,0.288,59,0.104795737122558,0.878048780487805
1074,Bill Russell,R,72,175,0.263,46,0.0817051509769094,0.801829268292683
1075,Gene Tenace,R,72,190,0.241,201,0.357015985790409,0.734756097560976
1076,Bubba Morton,R,70,175,0.267,14,0.024866785079929,0.814024390243902
1077,Ellie Rodriguez,R,71,185,0.245,16,0.0284191829484902,0.746951219512195
1078,Darrel Chaney,B,74,188,0.217,14,0.024866785079929,0.661585365853658
1079,Dick Nen,L,74,200,0.224,21,0.0373001776198934,0.682926829268293
1080,Bryan Kelly,R,74,195,0,0,0,0
1081,Bill Freehan,R,75,203,0.262,200,0.355239786856128,0.798780487804878
1082,Steve Nicosia,R,70,185,0.248,11,0.019538188277087,0.75609756097561
1083,Ted Savage,R,73,185,0.233,34,0.0603907637655417,0.710365853658537
1084,Pete Mackanin,R,74,190,0.226,30,0.0532859680284192,0.689024390243902
1085,Rich Dauer,R,72,180,0.257,43,0.0763765541740675,0.783536585365854
1086,Mick Kelleher,R,69,176,0.213,0,0,0.649390243902439
1087,Rowland Office,L,72,170,0.259,32,0.0568383658969805,0.789634146341463
1088,Rick Leach,L,73,180,0.268,18,0.0319715808170515,0.817073170731707
1089,Dwayne Murphy,L,73,185,0.246,166,0.294849023090586,0.75
1090,Larry Harlow,L,74,185,0.248,12,0.0213143872113677,0.75609756097561
1091,Mike Epstein,L,75,230,0.244,130,0.230905861456483,0.74390243902439
1092,Jerry Mumphrey,B,74,185,0.289,70,0.124333925399645,0.88109756097561
1093,Don Sutton,R,73,185,0.144,0,0,0.439024390243902
1094,Glenn Beckert,R,73,190,0.283,22,0.0390763765541741,0.86280487804878
1095,Ron Davis,R,72,175,0.233,10,0.0177619893428064,0.710365853658537
1096,Mike Shannon,R,75,195,0.255,68,0.120781527531083,0.777439024390244
1097,Jason Thompson,L,76,200,0.261,208,0.369449378330373,0.795731707317073
1098,Wayne Tolleson,B,69,160,0.241,9,0.0159857904085258,0.734756097560976
1099,John Leister,R,74,200,0,0,0,0
1100,Don Cooper,R,73,185,0,0,0,0
1101,Mike Jorgensen,L,72,195,0.243,95,0.168738898756661,0.740853658536585
1102,Ed Romero,R,71,160,0.247,8,0.0142095914742451,0.753048780487805
1103,Rick Joseph,R,73,192,0.243,13,0.0230905861456483,0.740853658536585
1104,Cecil Cooper,L,74,165,0.298,241,0.428063943161634,0.908536585365854
1105,Bill Almon,R,75,180,0.254,36,0.063943161634103,0.774390243902439
1106,Joe Ferguson,R,74,200,0.24,122,0.216696269982238,0.731707317073171
1107,Jeff Jones,R,75,210,0,0,0,0
1108,Jerry Terrell,R,71,165,0.253,4,0.00710479573712256,0.771341463414634
1109,John Poloni,L,77,210,0,0,0,0
1110,Dave Revering,L,76,210,0.265,62,0.1101243339254,0.807926829268293
1111,Curt Ford,L,70,150,0.245,7,0.0124333925399645,0.746951219512195
1112,Jerry Dybzinski,R,74,180,0.234,3,0.00532859680284192,0.713414634146341
1113,Mike Willis,L,74,205,0,0,0,0
1114,Bob Burda,L,71,174,0.224,13,0.0230905861456483,0.682926829268293
1115,Jesse Gonder,L,70,180,0.251,26,0.0461811722912966,0.765243902439024
1116,Gary Sutherland,R,72,185,0.243,24,0.0426287744227353,0.740853658536585
1117,Bob Coluccio,R,71,183,0.22,26,0.0461811722912966,0.670731707317073
1118,Dave Rader,L,71,165,0.257,30,0.0532859680284192,0.783536585365854
1119,Ron Gardenhire,R,72,175,0.232,4,0.00710479573712256,0.707317073170732
1120,Bill Sharp,L,70,178,0.255,9,0.0159857904085258,0.777439024390244
1121,Alan Bannister,R,71,170,0.27,19,0.0337477797513321,0.823170731707317
1122,Bob Watson,R,72,201,0.295,184,0.326820603907638,0.899390243902439
1123,Ken Harrelson,R,74,190,0.239,131,0.232682060390764,0.728658536585366
1124,Bobby Wine,R,73,187,0.215,30,0.0532859680284192,0.655487804878049
1125,Stefan Wever,R,80,245,0,0,0,0
1126,John Kennedy,R,72,185,0.225,32,0.0568383658969805,0.685975609756098
1127,Chico Ruiz,B,72,169,0.24,2,0.00355239786856128,0.731707317073171
1128,Dave Johnson,R,73,183,0,0,0,0
1129,Gail Hopkins,L,70,198,0.266,25,0.044404973357016,0.810975609756098
1130,Doug Frobel,L,76,196,0.201,20,0.0355239786856128,0.61280487804878
1131,Luis Melendez,R,72,165,0.248,9,0.0159857904085258,0.75609756097561
1132,Jerry Augustine,L,72,183,0,0,0,0
1133,Bill Plummer,R,73,190,0.188,14,0.024866785079929,0.573170731707317
1134,Buck Rodgers,B,74,190,0.232,31,0.0550621669626998,0.707317073170732
1135,Phil Niekro,R,73,180,0.169,7,0.0124333925399645,0.515243902439024
1136,Jeff Holly,L,77,210,0,0,0,0
1137,Tom Poquette,L,70,175,0.268,10,0.0177619893428064,0.817073170731707
1138,Eric Hetzel,R,75,175,0,0,0,0
1139,Brian Asselstine,L,73,175,0.254,12,0.0213143872113677,0.774390243902439
1140,Rick Miller,L,72,175,0.269,28,0.0497335701598579,0.820121951219512
1141,Ed Charles,R,70,170,0.263,86,0.152753108348135,0.801829268292683
1142,Luis Gomez,R,69,150,0.21,0,0,0.640243902439024
1143,Dave Lemanczyk,R,76,235,0,0,0,0
1144,Al Jones,R,76,210,0,0,0,0
1145,Floyd Rayford,R,70,190,0.244,38,0.0674955595026643,0.74390243902439
1146,Sam Hinds,R,78,215,0,0,0,0
1147,Tony Conigliaro,R,75,185,0.264,166,0.294849023090586,0.804878048780488
1148,Clay Christiansen,R,77,205,0,0,0,0
1149,Jim Barr,R,75,205,0.162,1,0.00177619893428064,0.49390243902439
1150,Jerry Remy,L,69,165,0.275,7,0.0124333925399645,0.838414634146342
1151,Larry Rothschild,L,74,180,0,0,0,0
1152,Frank Duffy,R,73,180,0.232,26,0.0461811722912966,0.707317073170732
1153,Gary Lance,B,75,195,0,0,0,0
1154,Tom O'Malley,L,72,180,0.256,13,0.0230905861456483,0.780487804878049
1155,Phil Garner,R,70,175,0.26,109,0.19360568383659,0.792682926829268
1156,Larry Pashnick,R,75,205,0,0,0,0
1157,Todd Fischer,R,70,170,0,0,0,0
